test_loss,test_f1
0.0255471922823956,0.6838025061181473
