test_loss,test_f1
0.0500502716339632,0.2095338922319816
