test_loss,test_f1
0.01232448401163,0.8560784421930412
