test_loss,test_f1
0.0335926997261145,0.5918654193958629
