test_loss,test_f1
0.064663143638178,0.4093101661909296
