test_loss,test_f1
0.1468304499289468,0.3407738274480331
