test_loss,test_f1
0.0120156418342018,0.8850432297811225
