test_loss,test_f1
0.0398225915493258,0.235382376252876
