test_loss,test_f1
0.0217638337065422,0.7046781132720188
