test_loss,test_f1
0.2212135138050202,0.383265653064442
