test_loss,test_f1
0.1469140982725353,0.2627740745423752
