test_loss,test_f1
0.0411675098046506,0.5161763037559859
