test_loss,test_f1
0.0696288566292987,0.3862694110331411
