test_loss,test_f1
0.0249158353941847,0.6556474871977439
