test_loss,test_f1
0.0484587546024057,0.0729579548394155
