test_loss,test_f1
0.0111118038679555,0.8907924395335384
