test_loss,test_f1
0.0412169961687129,0.5074783587178384
