test_loss,test_f1
0.0244439228820477,0.6922654621395496
