test_loss,test_f1
0.0667369003369383,0.373359020916519
