test_loss,test_f1
0.0384551571725412,0.5177753649525823
