test_loss,test_f1
0.0728081719893397,0.1362304904257168
