test_loss,test_f1
0.2181113862222241,0.3190269732858606
