test_loss,test_f1
0.0107759897415441,0.8817956696963638
