test_loss,test_f1
0.0127929789308959,0.8735751029984382
