test_loss,test_f1
0.0373928310802009,0.5746525381287395
