test_loss,test_f1
0.0343784225303583,0.5934235659270298
