test_loss,test_f1
0.0247860258247809,0.6616844386817851
