test_loss,test_f1
0.0579598306765235,0.3396890614100086
