test_loss,test_f1
0.0389284080647202,0.5339373641235637
