test_loss,test_f1
0.0388630881366495,0.4912354323141134
