test_loss,test_f1
0.2737202192506482,0.2125492636183799
