test_loss,test_f1
0.0272755985862987,0.6488768828592584
