test_loss,test_f1
0.1394592352568583,0.1543639875702995
