test_loss,test_f1
0.0664283734384575,0.3750576485303082
