test_loss,test_f1
0.2433876669214617,0.2556077827732479
