test_loss,test_f1
0.2283108022905165,0.3529104524990846
