medianF1,dataset
0.6666666666666666,ArchiveII
0.5952380952380952,bpRNA
0.7096774193548387,bpRNA_new
0.6839561855670102,pdb-rna
