test_loss,test_f1
0.0272027113239066,0.6450776569661582
