test_loss,test_f1
0.0253729566315655,0.6481901215724297
