test_loss,test_f1
0.2446683217440882,0.2663660648158456
