test_loss,test_f1
0.050964019322628,0.4125007643969282
