test_loss,test_f1
0.0507107418961823,0.2197115906828197
