test_loss,test_f1
0.0676377115596012,0.4426228060375464
