test_loss,test_f1
0.0466166002601727,0.4261432041365843
