test_loss,test_f1
0.044131924473756,0.1926972823701025
