test_loss,test_f1
0.0231264520277695,0.6851719183924512
