test_loss,test_f1
0.0557010117661533,0.3387594002457861
