test_loss,test_f1
0.0222263147691096,0.7042954717334614
