test_loss,test_f1
0.0708054801871913,0.349260480730579
