test_loss,test_f1
0.0294950037430201,0.6138045020944727
