test_loss,test_f1
0.0438954034214718,0.5869286491139298
