test_loss,test_f1
0.0345032458393341,0.5476643198770863
