test_loss,test_f1
0.0363066453024629,0.5515249007376453
